{
  "name": "Abyss",
  "tokenColors": [
    {
      "settings": {
        "foreground": "#6688cc"
      }
    },
    {
      "scope": ["meta.embedded", "source.groovy.embedded", "string meta.image.inline.markdown"],
      "settings": {
        "foreground": "#6688cc"
      }
    },
    {
      "name": "Comment",
      "scope": "comment",
      "settings": {
        "foreground": "#384887"
      }
    },
    {
      "name": "String",
      "scope": "string",
      "settings": {
        "foreground": "#22aa44"
      }
    },
    {
      "name": "Number",
      "scope": "constant.numeric",
      "settings": {
        "foreground": "#f280d0"
      }
    },
    {
      "name": "Built-in constant",
      "scope": "constant.language",
      "settings": {
        "foreground": "#f280d0"
      }
    },
    {
      "name": "User-defined constant",
      "scope": ["constant.character", "constant.other"],
      "settings": {
        "foreground": "#f280d0"
      }
    },
    {
      "name": "Variable",
      "scope": "variable",
      "settings": {
        "fontStyle": ""
      }
    },
    {
      "name": "Keyword",
      "scope": "keyword",
      "settings": {
        "foreground": "#225588"
      }
    },
    {
      "name": "Storage",
      "scope": "storage",
      "settings": {
        "fontStyle": "",
        "foreground": "#225588"
      }
    },
    {
      "name": "Storage type",
      "scope": "storage.type",
      "settings": {
        "fontStyle": "italic",
        "foreground": "#9966b8"
      }
    },
    {
      "name": "Class name",
      "scope": ["entity.name.class", "entity.name.type", "entity.name.namespace", "entity.name.scope-resolution"],
      "settings": {
        "fontStyle": "underline",
        "foreground": "#ffeebb"
      }
    },
    {
      "name": "Inherited class",
      "scope": "entity.other.inherited-class",
      "settings": {
        "fontStyle": "italic underline",
        "foreground": "#ddbb88"
      }
    },
    {
      "name": "Function name",
      "scope": "entity.name.function",
      "settings": {
        "fontStyle": "",
        "foreground": "#ddbb88"
      }
    },
    {
      "name": "Function argument",
      "scope": "variable.parameter",
      "settings": {
        "fontStyle": "italic",
        "foreground": "#2277ff"
      }
    },
    {
      "name": "Tag name",
      "scope": "entity.name.tag",
      "settings": {
        "fontStyle": "",
        "foreground": "#225588"
      }
    },
    {
      "name": "Tag attribute",
      "scope": "entity.other.attribute-name",
      "settings": {
        "fontStyle": "",
        "foreground": "#ddbb88"
      }
    },
    {
      "name": "Library function",
      "scope": "support.function",
      "settings": {
        "fontStyle": "",
        "foreground": "#9966b8"
      }
    },
    {
      "name": "Library constant",
      "scope": "support.constant",
      "settings": {
        "fontStyle": "",
        "foreground": "#9966b8"
      }
    },
    {
      "name": "Library class/type",
      "scope": ["support.type", "support.class"],
      "settings": {
        "fontStyle": "italic",
        "foreground": "#9966b8"
      }
    },
    {
      "name": "Library variable",
      "scope": "support.other.variable",
      "settings": {
        "fontStyle": ""
      }
    },
    {
      "name": "Invalid",
      "scope": "invalid",
      "settings": {
        "fontStyle": "",
        "foreground": "#A22D44"
      }
    },
    {
      "name": "Invalid deprecated",
      "scope": "invalid.deprecated",
      "settings": {
        "foreground": "#A22D44"
      }
    },
    {
      "name": "diff: header",
      "scope": ["meta.diff", "meta.diff.header"],
      "settings": {
        "fontStyle": "italic",
        "foreground": "#E0EDDD"
      }
    },
    {
      "name": "diff: deleted",
      "scope": "markup.deleted",
      "settings": {
        "fontStyle": "",
        "foreground": "#dc322f"
      }
    },
    {
      "name": "diff: changed",
      "scope": "markup.changed",
      "settings": {
        "fontStyle": "",
        "foreground": "#cb4b16"
      }
    },
    {
      "name": "diff: inserted",
      "scope": "markup.inserted",
      "settings": {
        "foreground": "#219186"
      }
    },
    {
      "name": "Markup Quote",
      "scope": "markup.quote",
      "settings": {
        "foreground": "#22aa44"
      }
    },
    {
      "name": "Markup Styling",
      "scope": ["markup.bold", "markup.italic"],
      "settings": {
        "foreground": "#22aa44"
      }
    },
    {
      "name": "Markup: Strong",
      "scope": "markup.bold",
      "settings": {
        "fontStyle": "bold"
      }
    },
    {
      "name": "Markup: Emphasis",
      "scope": "markup.italic",
      "settings": {
        "fontStyle": "italic"
      }
    },
    {
      "scope": "markup.strikethrough",
      "settings": {
        "fontStyle": "strikethrough"
      }
    },
    {
      "name": "Markup Inline",
      "scope": "markup.inline.raw",
      "settings": {
        "fontStyle": "",
        "foreground": "#9966b8"
      }
    },
    {
      "name": "Markup Headings",
      "scope": ["markup.heading", "markup.heading.setext"],
      "settings": {
        "fontStyle": "bold",
        "foreground": "#6688cc"
      }
    }
  ],
  "colors": {
    "editor.background": "#000c18",
    "editor.foreground": "#6688cc",

    "focusBorder": "#596F99",

    "input.background": "#181f2f",
    "inputOption.activeBorder": "#1D4A87",
    "inputValidation.infoBorder": "#384078",
    "inputValidation.infoBackground": "#051336",
    "inputValidation.warningBackground": "#5B7E7A",
    "inputValidation.warningBorder": "#5B7E7A",
    "inputValidation.errorBackground": "#A22D44",
    "inputValidation.errorBorder": "#AB395B",

    "badge.background": "#0063a5",
    "progressBar.background": "#0063a5",

    "dropdown.background": "#181f2f",

    "button.background": "#2B3C5D",

    "list.activeSelectionBackground": "#08286b",
    "quickInputList.focusBackground": "#08286b",
    "list.hoverBackground": "#061940",
    "list.inactiveSelectionBackground": "#152037",
    "list.dropBackground": "#041D52",
    "list.highlightForeground": "#0063a5",

    "scrollbar.shadow": "#515E91AA",
    "scrollbarSlider.activeBackground": "#3B3F5188",
    "scrollbarSlider.background": "#1F2230AA",
    "scrollbarSlider.hoverBackground": "#3B3F5188",

    "editorWidget.background": "#262641",
    "editorCursor.foreground": "#ddbb88",
    "editorWhitespace.foreground": "#103050",
    "editor.lineHighlightBackground": "#082050",
    "editor.selectionBackground": "#770811",
    "editorIndentGuide.background": "#002952",
    "editorIndentGuide.activeBackground": "#204972",
    "editorHoverWidget.background": "#000c38",
    "editorHoverWidget.border": "#004c18",
    "editorLineNumber.foreground": "#406385",
    "editorLineNumber.activeForeground": "#80a2c2",
    "editorMarkerNavigation.background": "#060621",
    "editorMarkerNavigationError.background": "#AB395B",
    "editorMarkerNavigationWarning.background": "#5B7E7A",
    "editorLink.activeForeground": "#0063a5",
    "editor.findMatchHighlightBackground": "#eeeeee44",

    "peekViewResult.background": "#060621",
    "peekViewEditor.background": "#10192c",
    "peekViewTitle.background": "#10192c",
    "peekView.border": "#2b2b4a",
    "peekViewEditor.matchHighlightBackground": "#eeeeee33",
    "peekViewResult.matchHighlightBackground": "#eeeeee44",

    "ports.iconRunningProcessForeground": "#80a2c2",
    "diffEditor.insertedTextBackground": "#31958A55",
    "diffEditor.removedTextBackground": "#892F4688",

    "minimap.selectionHighlight": "#750000",

    "titleBar.activeBackground": "#10192c",

    "editorGroup.border": "#2b2b4a",
    "editorGroup.dropBackground": "#25375daa",
    "editorGroupHeader.tabsBackground": "#1c1c2a",

    "tab.border": "#2b2b4a",
    "tab.inactiveBackground": "#10192c",
    "tab.lastPinnedBorder": "#2b3c5d",

    "activityBar.background": "#051336",
    "activityBarItem.profilesBackground": "#082877",

    "panel.border": "#2b2b4a",

    "sideBar.background": "#060621",
    "sideBarSectionHeader.background": "#10192c",

    "statusBar.background": "#10192c",
    "statusBar.noFolderBackground": "#10192c",
    "statusBar.debuggingBackground": "#10192c",
    "statusBarItem.remoteBackground": "#0063a5",
    "statusBarItem.prominentBackground": "#0063a5",
    "statusBarItem.prominentHoverBackground": "#0063a5dd",

    "debugToolBar.background": "#051336",
    "debugExceptionWidget.background": "#051336",
    "debugExceptionWidget.border": "#AB395B",

    "pickerGroup.border": "#596F99",
    "pickerGroup.foreground": "#596F99",

    "extensionButton.prominentBackground": "#5f8b3b",
    "extensionButton.prominentHoverBackground": "#5f8b3bbb",

    "terminal.ansiBlack": "#111111",
    "terminal.ansiRed": "#ff9da4",
    "terminal.ansiGreen": "#d1f1a9",
    "terminal.ansiYellow": "#ffeead",
    "terminal.ansiBlue": "#bbdaff",
    "terminal.ansiMagenta": "#ebbbff",
    "terminal.ansiCyan": "#99ffff",
    "terminal.ansiWhite": "#cccccc",
    "terminal.ansiBrightBlack": "#333333",
    "terminal.ansiBrightRed": "#ff7882",
    "terminal.ansiBrightGreen": "#b8f171",
    "terminal.ansiBrightYellow": "#ffe580",
    "terminal.ansiBrightBlue": "#80baff",
    "terminal.ansiBrightMagenta": "#d778ff",
    "terminal.ansiBrightCyan": "#78ffff",
    "terminal.ansiBrightWhite": "#ffffff"
  },
  "semanticHighlighting": true
}
