{
  "colors": {
    "activityBar.background": "#fff",
    "activityBar.border": "#0000",
    "activityBar.foreground": "#bec9d3",
    "activityBarBadge.background": "#000",
    "activityBarBadge.foreground": "#fff",
    "badge.background": "#000",
    "badge.foreground": "#fff",
    "button.background": "#004bff",
    "button.foreground": "#fff",
    "contrastBorder": "#0000",
    "debugToolBar.background": "#f4f6fc",
    "diffEditor.insertedTextBackground": "#00ff6819",
    "diffEditor.removedTextBackground": "#ff003219",
    "dropdown.background": "#f4f6fc",
    "dropdown.border": "#e7ecf2",
    "dropdown.foreground": "#000",
    "editor.background": "#fff",
    "editor.findMatchBackground": "#ffca0099",
    "editor.findMatchHighlightBackground": "#ffca004c",
    "editor.focusedStackFrameHighlightBackground": "#f909",
    "editor.foreground": "#000",
    "editor.lineHighlightBackground": "#0064ff0c",
    "editor.lineHighlightBorder": "#0000",
    "editor.selectionBackground": "#0064ff4c",
    "editor.selectionForeground": "#fff",
    "editor.selectionHighlightBorder": "#0000",
    "editor.stackFrameHighlightBackground": "#ff99004c",
    "editor.wordHighlightBackground": "#0064ff26",
    "editor.wordHighlightStrongBackground": "#0064ff4c",
    "editorBracketMatch.background": "#0064ff4c",
    "editorBracketMatch.border": "#0000",
    "editorCursor.foreground": "#004bff",
    "editorError.foreground": "#ff0032",
    "editorGroup.border": "#f4f6fc",
    "editorGroupHeader.tabsBackground": "#fff",
    "editorGroupHeader.tabsBorder": "#0000",
    "editorGutter.addedBackground": "#00ff68",
    "editorGutter.deletedBackground": "#ff0032",
    "editorGutter.modifiedBackground": "#000",
    "editorIndentGuide.background": "#f4f6fc",
    "editorLineNumber.activeForeground": "#bec9d3",
    "editorLineNumber.foreground": "#ebf0f5",
    "editorLink.activeForeground": "#004bff",
    "editorOverviewRuler.addedForeground": "#0000",
    "editorOverviewRuler.border": "#0000",
    "editorOverviewRuler.bracketMatchForeground": "#0064ff4c",
    "editorOverviewRuler.errorForeground": "#ff0032",
    "editorOverviewRuler.findMatchForeground": "#ffca0099",
    "editorOverviewRuler.modifiedForeground": "#000",
    "editorOverviewRuler.selectionHighlightForeground": "#0064ff4c",
    "editorOverviewRuler.warningForeground": "#f90",
    "editorOverviewRuler.wordHighlightForeground": "#0064ff26",
    "editorOverviewRuler.wordHighlightStrongForeground": "#0064ff4c",
    "editorRuler.foreground": "#f4f6fc",
    "editorSuggestWidget.foreground": "#000",
    "editorWarning.foreground": "#f90",
    "editorWidget.background": "#f4f6fc",
    "editorWidget.border": "#e7ecf2",
    "errorForeground": "#ff0032",
    "extensionButton.prominentBackground": "#004bff",
    "extensionButton.prominentForeground": "#fff",
    "extensionButton.prominentHoverBackground": "#004bff",
    "focusBorder": "#e7ecf2",
    "foreground": "#000",
    "gitDecoration.ignoredResourceForeground": "#bec9d3",
    "gitDecoration.modifiedResourceForeground": "#000",
    "gitDecoration.untrackedResourceForeground": "#000",
    "input.background": "#f4f6fc",
    "input.border": "#e7ecf2",
    "input.foreground": "#000",
    "input.placeholderForeground": "#bec9d3",
    "list.activeSelectionBackground": "#000",
    "list.activeSelectionForeground": "#fff",
    "list.dropBackground": "#0064ff4c",
    "list.focusBackground": "#0064ff26",
    "list.focusForeground": "#000",
    "list.highlightForeground": "#000",
    "list.hoverBackground": "#f4f6fc",
    "list.inactiveSelectionBackground": "#f4f6fc",
    "list.inactiveSelectionForeground": "#000",
    "panel.background": "#f4f6fc",
    "panel.border": "#0000",
    "panelTitle.activeBorder": "#bec9d3",
    "peekView.border": "#000",
    "peekViewEditor.background": "#0000",
    "peekViewEditor.matchHighlightBackground": "#ffca0099",
    "peekViewResult.background": "#0000",
    "peekViewResult.fileForeground": "#6b7a88",
    "peekViewResult.lineForeground": "#6b7a88",
    "peekViewResult.matchHighlightBackground": "#ffca0099",
    "peekViewResult.selectionBackground": "#000",
    "peekViewResult.selectionForeground": "#fff",
    "peekViewTitle.background": "#0000",
    "peekViewTitleDescription.foreground": "#bec9d3",
    "peekViewTitleLabel.foreground": "#000",
    "progressBar.background": "#004bff",
    "scrollbar.shadow": "#0000",
    "scrollbarSlider.background": "#99a7e119",
    "scrollbarSlider.hoverBackground": "#000",
    "sideBar.background": "#fff",
    "sideBar.foreground": "#6b7a88",
    "sideBarSectionHeader.background": "#f4f6fc",
    "sideBarSectionHeader.foreground": "#6b7a88",
    "sideBarTitle.foreground": "#bec9d3",
    "statusBar.background": "#000",
    "statusBar.debuggingBackground": "#f90",
    "statusBar.debuggingForeground": "#000",
    "statusBar.foreground": "#65696e",
    "statusBar.noFolderBackground": "#000",
    "tab.activeBackground": "#000",
    "tab.activeForeground": "#fff",
    "tab.activeModifiedBorder": "#0000",
    "tab.border": "#0000",
    "tab.inactiveBackground": "#0000",
    "tab.inactiveForeground": "#bec9d3",
    "tab.inactiveModifiedBorder": "#000",
    "terminal.ansiBlack": "#000",
    "terminal.ansiBlue": "#004bff",
    "terminal.ansiBrightBlack": "#000",
    "terminal.ansiBrightBlue": "#004bff",
    "terminal.ansiBrightCyan": "#00d2ff",
    "terminal.ansiBrightGreen": "#00ff68",
    "terminal.ansiBrightMagenta": "#7d46fc",
    "terminal.ansiBrightRed": "#ff0032",
    "terminal.ansiBrightWhite": "#fff",
    "terminal.ansiBrightYellow": "#ffca00",
    "terminal.ansiCyan": "#00d2ff",
    "terminal.ansiGreen": "#00ff68",
    "terminal.ansiMagenta": "#7d46fc",
    "terminal.ansiRed": "#ff0032",
    "terminal.ansiWhite": "#fff",
    "terminal.ansiYellow": "#ffca00",
    "terminal.foreground": "#000",
    "terminal.selectionBackground": "#0064ff4c",
    "terminalCursor.foreground": "#004bff",
    "textLink.activeForeground": "#004bff",
    "textLink.foreground": "#004bff",
    "titleBar.activeBackground": "#fff",
    "titleBar.activeForeground": "#6b7a88",
    "titleBar.inactiveBackground": "#fff",
    "titleBar.inactiveForeground": "#bec9d3",
    "welcomePage.buttonBackground": "#f4f6fc",
    "welcomePage.buttonHoverBackground": "#0064ff26",
    "widget.shadow": "#0000"
  },
  "tokenColors": [
    {
      "scope": ["comment", "string.quoted.docstring"],
      "settings": {
        "foreground": "#bec9d3"
      }
    },
    {
      "scope": ["string"],
      "settings": {
        "foreground": "#6b7a88"
      }
    },
    {
      "scope": ["punctuation.definition.string", "storage.type.string.python"],
      "settings": {
        "foreground": "#000"
      }
    },
    {
      "scope": [
        "beginning.punctuation",
        "entity.name.section.group-title",
        "entity.name.tag",
        "entity.other.attribute-name.class",
        "entity.other.attribute-name.id",
        "keyword.const",
        "keyword.control",
        "keyword.function",
        "keyword.import",
        "keyword.operator.assignment",
        "keyword.operator.comparison",
        "keyword.operator.decrement",
        "keyword.operator.expression",
        "keyword.operator.increment",
        "keyword.operator.increment-decrement",
        "keyword.operator.logical",
        "keyword.operator.misc",
        "keyword.operator.new",
        "keyword.operator.other",
        "keyword.operator.ternary",
        "keyword.other.fn",
        "keyword.other.rust",
        "keyword.other.special-method",
        "keyword.other.where",
        "keyword.package",
        "keyword.type",
        "keyword.var",
        "markup.heading",
        "meta.tag.sgml.doctype.html",
        "punctuation.separator.key-value",
        "storage.modifier",
        "storage.type.class",
        "storage.type.enum",
        "storage.type.function",
        "storage.type.import",
        "storage.type.interface",
        "storage.type.js",
        "storage.type.namespace",
        "storage.type.property",
        "storage.type.rust",
        "storage.type.string.python",
        "storage.type.ts",
        "storage.type.tsx",
        "storage.type.type",
        "support.type.object.module"
      ],
      "settings": {
        "fontStyle": "bold"
      }
    }
  ]
}
